"AREA_TYPE","GLOBALID","PM_DISTRICT_ID","PM_DISTRICT_NAME","SDE_ID","shape"
"-",,"40.0","Balboa","1","MULTIPOLYGON (((-122.46074 37.777645, -122.46069 37.777096, -122.46517 37.7769, -122.46522 37.77744, -122.46074 37.777645)))"
"-",,"34.0","Bayview","52","MULTIPOLYGON (((-122.3908 37.7317, -122.39167 37.729992, -122.39293 37.73033, -122.39299 37.73027, -122.39248 37.73282, -122.392105 37.733604, -122.39202 37.733776, -122.3905 37.73699, -122.38922 37.736366, -122.39042 37.732834, -122.390465 37.732693, -122.390686 37.732044, -122.39073 37.731895, -122.3908 37.7317)))"
"-",,"30.0","Bernal Hts","14","MULTIPOLYGON (((-122.418915 37.738804, -122.41873 37.7399, -122.41297 37.7394, -122.41321 37.737774, -122.418915 37.738804)), ((-122.41873 37.7399, -122.41882 37.739906, -122.41873 37.73991, -122.41873 37.7399)))"
"-",,"53.0","CCSF","47","MULTIPOLYGON (((-122.438965 37.72036, -122.44258 37.71667, -122.446304 37.719677, -122.44854 37.716747, -122.44924 37.717365, -122.44896 37.720795, -122.452995 37.72245, -122.45265 37.723614, -122.45617 37.724525, -122.45571 37.72846, -122.443184 37.728477, -122.44031 37.72763, -122.43617 37.72602, -122.43565 37.725815, -122.435234 37.725655, -122.43526 37.725628, -122.435326 37.72555, -122.43575 37.725063, -122.43582 37.724987, -122.43625 37.724503, -122.43631 37.724438, -122.4364 37.72433, -122.437325 37.72417, -122.4379 37.72322, -122.438965 37.72036)))"
"-",,"44.0","Central Waterfront","20","MULTIPOLYGON (((-122.3925 37.763798, -122.38794 37.764095, -122.387886 37.76353, -122.38664 37.763603, -122.37734 37.766453, -122.37432 37.748093, -122.39052 37.74729, -122.39301 37.74828, -122.39151 37.752472, -122.3925 37.763798)))"
"Pilot",,"3.0","Civic Center","35","MULTIPOLYGON (((-122.41575 37.78346, -122.41558 37.78267, -122.415565 37.78261, -122.41538 37.78174, -122.41536 37.781605, -122.41519 37.7808, -122.41516 37.78068, -122.41475 37.778717, -122.421776 37.773155, -122.42195 37.773132, -122.42216 37.7731, -122.422325 37.773083, -122.422386 37.773075, -122.4224 37.773193, -122.42254 37.773987, -122.425896 37.77359, -122.4268 37.77845, -122.4235 37.778847, -122.42403 37.781437, -122.424034 37.781475, -122.42405 37.781555, -122.42406 37.78157, -122.424255 37.782562, -122.42421 37.782566, -122.42404 37.78259, -122.42109 37.783, -122.421 37.782974, -122.420975 37.782967, -122.420845 37.78293, -122.42073 37.783005, -122.420685 37.78303, -122.42065 37.783054, -122.41928 37.78322, -122.41911 37.783237, -122.41772 37.7834, -122.41752 37.78327, -122.417366 37.783497, -122.41609 37.78364, -122.41575 37.78346)))"
"-",,"18.0","Divisadero North","2","MULTIPOLYGON (((-122.44186 37.78185, -122.443886 37.781662, -122.44456 37.7824, -122.44462 37.783127, -122.44462 37.783165, -122.441536 37.783566, -122.44242 37.78818, -122.43864 37.78866, -122.43781 37.784626, -122.43781 37.784626, -122.43778 37.784492, -122.43767 37.7839, -122.43759 37.783558, -122.43736 37.782402, -122.44043 37.782024, -122.44186 37.78185)))"
"-",,"17.0","Divisadero South","40","MULTIPOLYGON (((-122.43581 37.771015, -122.43794 37.770744, -122.43844 37.772938, -122.43847 37.77307, -122.438644 37.77386, -122.438675 37.77399, -122.43868 37.774048, -122.43886 37.774803, -122.43888 37.774906, -122.439064 37.775734, -122.43909 37.77584, -122.43927 37.77665, -122.4393 37.776783, -122.439545 37.777874, -122.4395 37.777916, -122.43737 37.77815, -122.43713 37.777058, -122.4371 37.776924, -122.43672 37.775185, -122.4367 37.775078, -122.43652 37.77427, -122.43649 37.774136, -122.43632 37.773342, -122.43629 37.77321, -122.43581 37.771015)))"
"Pilot",,"1.0","Downtown","32","MULTIPOLYGON (((-122.396965 37.79741, -122.3968 37.79658, -122.39679 37.796574, -122.39603 37.796703, -122.39594 37.796646, -122.39577 37.79654, -122.39565 37.79647, -122.39559 37.796417, -122.39532 37.79619, -122.39517 37.795967, -122.39493 37.795586, -122.39467 37.795193, -122.394615 37.795105, -122.39432 37.79479, -122.39385 37.794456, -122.39352 37.794266, -122.39303 37.793987, -122.39275 37.79374, -122.39128 37.792435, -122.39129 37.792435, -122.39167 37.79214, -122.391815 37.792034, -122.39185 37.792004, -122.39185 37.792, -122.39181 37.791965, -122.39167 37.79185, -122.390396 37.79084, -122.390396 37.790836, -122.391045 37.790157, -122.39107 37.790115, -122.39117 37.790085, -122.3919 37.789516, -122.39203 37.789417, -122.39271 37.78889, -122.392784 37.78874, -122.39297 37.78867, -122.39364 37.78815, -122.39379 37.788025, -122.394455 37.78751, -122.39446 37.78746, -122.39463 37.78732, -122.39481 37.78733, -122.39481 37.787327, -122.39681 37.78573, -122.39689 37.785667, -122.39694 37.785625, -122.39789 37.784866, -122.39783 37.78481, -122.397995 37.784676, -122.397995 37.784676, -122.398026 37.78469, -122.398026 37.78469, -122.39899 37.78395, -122.39914 37.78383, -122.40124 37.782207, -122.4014 37.782085, -122.40329 37.780624, -122.4035 37.7802, -122.40352 37.780186, -122.40358 37.78024, -122.404915 37.781265, -122.404915 37.78127, -122.40492 37.78138, -122.40492 37.781384, -122.405075 37.781506, -122.40523 37.781513, -122.40654 37.782578, -122.40666 37.782677, -122.40812 37.78385, -122.40827 37.783978, -122.40828 37.78398, -122.4078 37.78443, -122.40799 37.785416, -122.40802 37.785534, -122.40818 37.78635, -122.408195 37.786457, -122.40836 37.787285, -122.40839 37.78739, -122.40855 37.788223, -122.40857 37.788334, -122.40873 37.789146, -122.40875 37.78927, -122.40891 37.790073, -122.408936 37.790207, -122.408966 37.79035, -122.408966 37.79036, -122.408966 37.79036, -122.40578 37.790752, -122.40589 37.79129, -122.40575 37.791466, -122.40584 37.79154, -122.405846 37.791546, -122.40596 37.791626, -122.40608 37.792236, -122.40588 37.792477, -122.406166 37.792625, -122.40629 37.793213, -122.4061 37.793392, -122.40635 37.793476, -122.40646 37.794044, -122.40629 37.794254, -122.40654 37.794403, -122.406654 37.794952, -122.406364 37.79529, -122.406166 37.79532, -122.406166 37.79532, -122.40608 37.79526, -122.406075 37.79525, -122.40605 37.79524, -122.40605 37.79524, -122.406044 37.795254, -122.40603 37.795265, -122.40597 37.79535, -122.40513 37.795456, -122.40526 37.796158, -122.405266 37.796238, -122.40527 37.796257, -122.40452 37.796356, -122.40436 37.796375, -122.40365 37.796467, -122.40351 37.79644, -122.40328 37.796623, -122.40211 37.796757, -122.40211 37.796757, -122.40183 37.796577, -122.40183 37.796577, -122.401695 37.796833, -122.40095 37.796925, -122.40095 37.796925, -122.40068 37.79674, -122.40068 37.79674, -122.4005 37.796963, -122.399826 37.79704, -122.399826 37.79704, -122.39944 37.796936, -122.39944 37.796936, -122.399376 37.79701, -122.39937 37.79702, -122.39926 37.79714, -122.39865 37.79722, -122.39865 37.79722, -122.3983 37.797096, -122.3983 37.797096, -122.39818 37.79727, -122.396965 37.79741, -122.396965 37.79741)))"
"-",,"35.0","Excelsior","7","MULTIPOLYGON (((-122.438194 37.716213, -122.43955 37.714252, -122.44098 37.714924, -122.443245 37.71257, -122.44515 37.71385, -122.4453 37.713898, -122.44258 37.71667, -122.438965 37.72036, -122.4379 37.72322, -122.437325 37.72417, -122.4364 37.72433, -122.43631 37.724438, -122.43625 37.724503, -122.43582 37.724987, -122.43575 37.725063, -122.435326 37.72555, -122.43526 37.725628, -122.435234 37.725655, -122.43483 37.726112, -122.43476 37.72619, -122.43413 37.726902, -122.43406 37.72698, -122.43363 37.727467, -122.43356 37.727543, -122.43313 37.72803, -122.43307 37.728107, -122.432365 37.728893, -122.431625 37.72853, -122.43146 37.728443, -122.430786 37.728115, -122.43919 37.716908, -122.438194 37.716213)))"
"Pilot",,"5.0","Fillmore","31","MULTIPOLYGON (((-122.432106 37.789867, -122.43158 37.78744, -122.42836 37.78788, -122.42777 37.784843, -122.42807 37.78481, -122.42958 37.784622, -122.42964 37.784615, -122.43095 37.784454, -122.43094 37.784405, -122.429825 37.778778, -122.43361 37.77832, -122.434715 37.783924, -122.434784 37.7843, -122.4349 37.784855, -122.43492 37.78499, -122.4364 37.792492, -122.43269 37.793003, -122.43223 37.790405, -122.43187 37.790222, -122.432106 37.789867)))"
"Pilot",,"6.0","Fisherman's Wharf","30","MULTIPOLYGON (((-122.41263 37.808514, -122.412476 37.807777, -122.409874 37.808113, -122.409195 37.807983, -122.40901 37.807217, -122.40901 37.807217, -122.40898 37.807083, -122.40897 37.80705, -122.40743 37.80722, -122.4072 37.806156, -122.41163 37.80563, -122.41348 37.805332, -122.41362 37.80531, -122.41365 37.805305, -122.41501 37.805237, -122.4147 37.80367, -122.41538 37.80358, -122.41864 37.80583, -122.42389 37.80517, -122.424126 37.806408, -122.420815 37.80681, -122.42098 37.80749, -122.42099 37.807526, -122.42099 37.807526, -122.42086 37.80754, -122.42085 37.807537, -122.420784 37.80749, -122.41914 37.807697, -122.41914 37.807697, -122.419014 37.807713, -122.417496 37.807903, -122.41736 37.807922, -122.415855 37.80811, -122.41572 37.80813, -122.414215 37.808315, -122.41408 37.808334, -122.41263 37.808514)))"
"-",,"51.0","Ft Mason","41","MULTIPOLYGON (((-122.43288 37.809574, -122.426544 37.81007, -122.42435 37.80755, -122.424126 37.806408, -122.42607 37.806255, -122.4257 37.80433, -122.43138 37.803574, -122.43162 37.805244, -122.43288 37.809574)))"
"-",,"32.0","Glen Park","48","MULTIPOLYGON (((-122.43241 37.7348, -122.4323 37.73251, -122.43651 37.73367, -122.43658 37.73361, -122.43584 37.735195, -122.43377 37.734955, -122.43367 37.734943, -122.43241 37.7348)))"
"-",,"48.0","Golden Gate Park","26","MULTIPOLYGON (((-122.45454 37.77483, -122.453964 37.772186, -122.44085 37.773758, -122.44064 37.772633, -122.45379 37.77088, -122.453804 37.77088, -122.453674 37.770283, -122.45353 37.76966, -122.453545 37.769657, -122.45393 37.7696, -122.45378 37.768433, -122.4535 37.76846, -122.4535 37.76846, -122.45331 37.76848, -122.45329 37.768482, -122.45283 37.76616, -122.45475 37.76583, -122.457085 37.76567, -122.4589 37.766064, -122.465294 37.765762, -122.46543 37.76576, -122.466354 37.765713, -122.4665 37.76571, -122.46743 37.765663, -122.46757 37.765656, -122.478226 37.765156, -122.478386 37.76515, -122.47931 37.765106, -122.47945 37.7651, -122.480385 37.765053, -122.48052 37.76505, -122.48145 37.765003, -122.48159 37.764996, -122.48253 37.764954, -122.482666 37.764946, -122.4836 37.764904, -122.483734 37.764896, -122.48467 37.76485, -122.48481 37.764847, -122.485725 37.7648, -122.48589 37.764793, -122.48646 37.764767, -122.510506 37.763645, -122.51125 37.76797, -122.510994 37.771435, -122.510994 37.77147, -122.51099 37.771435, -122.51038 37.77146, -122.471275 37.77328, -122.46589 37.77354, -122.45864 37.774376, -122.45838 37.774406, -122.45454 37.77483)))"
"-",,"23.0","Haight-Cole Valley","5","MULTIPOLYGON (((-122.449844 37.768917, -122.44922 37.76595, -122.449196 37.765842, -122.44902 37.765015, -122.449 37.76491, -122.44893 37.76459, -122.45014 37.764446, -122.4511 37.768692, -122.451645 37.76864, -122.45178 37.768627, -122.45329 37.768482, -122.45331 37.76848, -122.4535 37.76846, -122.4535 37.76846, -122.45378 37.768433, -122.45393 37.7696, -122.453545 37.769657, -122.45353 37.76966, -122.452034 37.769867, -122.451904 37.769886, -122.450386 37.770092, -122.45026 37.77011, -122.44875 37.77032, -122.44862 37.770336, -122.44711 37.770546, -122.446976 37.770565, -122.44555 37.77076, -122.44536 37.770786, -122.4451 37.770824, -122.445015 37.770313, -122.445 37.77019, -122.44489 37.76954, -122.446724 37.76931, -122.44685 37.76929, -122.44837 37.769104, -122.4485 37.769085, -122.44943 37.76897, -122.44957 37.76895, -122.449844 37.768917)))"
"Control",,"9.0","Inner Richmond","49","MULTIPOLYGON (((-122.459 37.779037, -122.471794 37.778515, -122.47218 37.784664, -122.46671 37.784954, -122.45894 37.785965, -122.45864 37.78141, -122.45862 37.78114, -122.45849 37.77906, -122.45895 37.77904, -122.459 37.779037)))"
"-",,"24.0","Inner Sunset","17","MULTIPOLYGON (((-122.4589 37.766064, -122.457085 37.76567, -122.45475 37.76583, -122.454506 37.764347, -122.45448 37.76421, -122.454445 37.763985, -122.46026 37.762062, -122.4602 37.76004, -122.46208 37.760025, -122.462234 37.76192, -122.486046 37.76098, -122.48646 37.764767, -122.48641 37.764812, -122.4859 37.764835, -122.485725 37.764843, -122.48481 37.764885, -122.48467 37.76489, -122.48374 37.764935, -122.483604 37.76494, -122.482666 37.76498, -122.48253 37.764988, -122.4816 37.76503, -122.48145 37.765038, -122.48052 37.76508, -122.480385 37.765087, -122.479454 37.76513, -122.47932 37.765133, -122.478386 37.765175, -122.47823 37.765182, -122.46757 37.76567, -122.46743 37.765675, -122.4665 37.765717, -122.466354 37.765724, -122.46543 37.765766, -122.465294 37.765774, -122.4589 37.766064)))"
"-",,"19.0","Laurel Hts North","45","MULTIPOLYGON (((-122.44959 37.785908, -122.453384 37.785473, -122.45712 37.785645, -122.45735 37.787174, -122.457405 37.78721, -122.44528 37.788765, -122.44491 37.78676, -122.44654 37.78646, -122.44665 37.78644, -122.44959 37.785908)))"
"-",,"20.0","Laurel Hts South","22","MULTIPOLYGON (((-122.45651 37.779396, -122.45849 37.77906, -122.45862 37.78114, -122.45864 37.781414, -122.45871 37.782566, -122.458664 37.782566, -122.45792 37.782616, -122.45774 37.782627, -122.45681 37.78269, -122.456635 37.7827, -122.44688 37.783333, -122.44702 37.781906, -122.4469 37.78102, -122.45513 37.779953, -122.45612 37.779617, -122.45651 37.779396)))"
"-",,"39.0","Lower Haight","10","MULTIPOLYGON (((-122.43246 37.772125, -122.43244 37.772133, -122.428604 37.77264, -122.428444 37.771957, -122.4323 37.771465, -122.43246 37.772125)))"
"Pilot",,"7.0","Marina","36","MULTIPOLYGON (((-122.437355 37.801758, -122.43714 37.800957, -122.4361 37.801094, -122.435905 37.800102, -122.43424 37.800297, -122.43383 37.79812, -122.43394 37.798107, -122.43408 37.798088, -122.435455 37.79792, -122.43567 37.79802, -122.435844 37.79787, -122.43745 37.797676, -122.43775 37.799225, -122.44418 37.798435, -122.44451 37.80012, -122.441315 37.80053, -122.441185 37.80055, -122.44043 37.800644, -122.44033 37.80066, -122.43964 37.800747, -122.439674 37.8011, -122.43878 37.80127, -122.43825 37.80162, -122.437355 37.801758)))"
"-",,"47.0","Marina 2","24","MULTIPOLYGON (((-122.43162 37.805244, -122.43138 37.803574, -122.4257 37.80433, -122.42478 37.799564, -122.43218 37.798615, -122.43214 37.79833, -122.4323 37.79831, -122.432434 37.79829, -122.43383 37.79812, -122.43424 37.800297, -122.435905 37.800102, -122.4361 37.801094, -122.43714 37.800957, -122.437355 37.801758, -122.43825 37.80162, -122.43878 37.80127, -122.439674 37.8011, -122.43964 37.800747, -122.44033 37.80066, -122.44043 37.800644, -122.441185 37.80055, -122.441315 37.80053, -122.44451 37.80012, -122.44418 37.798435, -122.44744 37.798023, -122.44806 37.800804, -122.449936 37.802547, -122.44933 37.804726, -122.45012 37.807484, -122.43288 37.809574, -122.43162 37.805244)))"
"-",,"21.0","Middle Richmond","8","MULTIPOLYGON (((-122.471794 37.778515, -122.48803 37.777767, -122.48818 37.779556, -122.48853 37.7839, -122.48131 37.78424, -122.47218 37.784664, -122.471794 37.778515)))"
"Pilot",,"4.0","Mission","34","MULTIPOLYGON (((-122.41751 37.7669, -122.417175 37.763412, -122.4162 37.75322, -122.41611 37.752285, -122.41615 37.75228, -122.41618 37.75228, -122.41784 37.75218, -122.41784 37.75218, -122.41789 37.752174, -122.42079 37.752, -122.42202 37.7648, -122.42423 37.764664, -122.42441 37.766483, -122.42216 37.76662, -122.42212 37.766624, -122.42188 37.766636, -122.42188 37.766636, -122.41751 37.766903, -122.41751 37.7669)))"
"-",,"41.0","Mission-Potrero","3","MULTIPOLYGON (((-122.4153 37.753265, -122.4162 37.75322, -122.417175 37.763412, -122.413765 37.763706, -122.41201 37.764038, -122.40728 37.76444, -122.40548 37.764538, -122.40548 37.764534, -122.40553 37.76323, -122.40572 37.762253, -122.40648 37.761333, -122.40662 37.76047, -122.406395 37.758827, -122.4072 37.758797, -122.40666 37.753704, -122.40821 37.753624, -122.40832 37.75362, -122.40911 37.75358, -122.409294 37.75357, -122.41009 37.75353, -122.410194 37.753525, -122.41099 37.753483, -122.41109 37.75348, -122.41189 37.753437, -122.41206 37.75343, -122.41302 37.75338, -122.41312 37.753376, -122.41519 37.75327, -122.4153 37.753265)))"
"-",,"12.0","N.Beach-Chinatown","50","MULTIPOLYGON (((-122.4021 37.80317, -122.40209 37.803127, -122.40204 37.803135, -122.40188 37.803154, -122.40156 37.8032, -122.40074 37.80227, -122.40057 37.801506, -122.40056 37.801456, -122.40038 37.80065, -122.40035 37.80053, -122.40015 37.799587, -122.39994 37.79961, -122.39977 37.79888, -122.39932 37.798935, -122.39946 37.799656, -122.39946 37.79966, -122.399 37.79972, -122.39883 37.798946, -122.39882 37.79891, -122.39879 37.798763, -122.39767 37.798874, -122.3967 37.797783, -122.3967 37.797783, -122.396965 37.79741, -122.396965 37.79741, -122.39818 37.79727, -122.3983 37.797096, -122.3983 37.797096, -122.39865 37.79722, -122.39865 37.79722, -122.39926 37.79714, -122.39936 37.79702, -122.399376 37.797005, -122.39944 37.796936, -122.39944 37.796936, -122.399826 37.79704, -122.399826 37.79704, -122.4005 37.796963, -122.40068 37.79674, -122.40068 37.79674, -122.40095 37.796925, -122.40095 37.796925, -122.401695 37.796833, -122.40183 37.796577, -122.40183 37.796577, -122.40211 37.796757, -122.40211 37.796757, -122.40328 37.796623, -122.40351 37.79644, -122.40365 37.796467, -122.40436 37.796375, -122.40452 37.796356, -122.40527 37.796257, -122.405266 37.796238, -122.40526 37.796158, -122.40513 37.795456, -122.40596 37.79535, -122.40603 37.795265, -122.406044 37.795254, -122.40605 37.79524, -122.40605 37.79524, -122.40607 37.79525, -122.40608 37.79526, -122.406166 37.79532, -122.406166 37.79532, -122.406364 37.79529, -122.406654 37.794952, -122.40654 37.794403, -122.40629 37.794254, -122.40646 37.794044, -122.40635 37.793476, -122.4061 37.793392, -122.40629 37.793213, -122.406166 37.792625, -122.40588 37.792477, -122.40608 37.792236, -122.40596 37.791626, -122.405846 37.791546, -122.40584 37.79154, -122.40574 37.791466, -122.40588 37.79129, -122.40578 37.790752, -122.408966 37.79036, -122.408966 37.79036, -122.40932 37.791798, -122.410774 37.791603, -122.41094 37.792168, -122.409775 37.79232, -122.41072 37.79718, -122.410774 37.797443, -122.41143 37.800816, -122.41538 37.80358, -122.4147 37.80367, -122.412445 37.802242, -122.41102 37.80241, -122.41082 37.801468, -122.40757 37.801846, -122.406784 37.79816, -122.40259 37.798733, -122.40284 37.80022, -122.40284 37.80022, -122.402855 37.800323, -122.402855 37.800323, -122.40346 37.803886, -122.40346 37.803886, -122.403404 37.803894, -122.40324 37.803913, -122.40229 37.80402, -122.40213 37.803288, -122.4021 37.80317)))"
"-",,"28.0","Noe Valley","4","MULTIPOLYGON (((-122.43405 37.749958, -122.43508 37.749912, -122.435234 37.75117, -122.43525 37.75128, -122.43531 37.751793, -122.43422 37.751854, -122.43406 37.751865, -122.432 37.75198, -122.43185 37.75199, -122.42979 37.75211, -122.42963 37.752117, -122.42865 37.752174, -122.42854 37.75218, -122.427574 37.752235, -122.42739 37.752243, -122.42575 37.75234, -122.425514 37.750343, -122.43385 37.749966, -122.43405 37.749958)))"
"-",,"25.0","Noriega","42","MULTIPOLYGON (((-122.49149 37.752834, -122.49171 37.752827, -122.49178 37.754364, -122.49173 37.754364, -122.4916 37.75437, -122.49146 37.754375, -122.490524 37.75441, -122.49039 37.754414, -122.48945 37.754448, -122.48931 37.75445, -122.47874 37.75483, -122.47859 37.754833, -122.47768 37.754868, -122.477516 37.75487, -122.47652 37.754906, -122.47643 37.75325, -122.477394 37.753223, -122.477554 37.75322, -122.47848 37.753193, -122.47862 37.75319, -122.47955 37.753162, -122.47969 37.75316, -122.4892 37.752895, -122.48934 37.75289, -122.49028 37.75287, -122.49042 37.752865, -122.491356 37.75284, -122.49149 37.752834)))"
"-",,"31.0","Ocean - 19th","44","MULTIPOLYGON (((-122.47801 37.730534, -122.47567 37.73315, -122.47262 37.73208, -122.46947 37.731995, -122.469444 37.730667, -122.46694 37.729702, -122.468704 37.72835, -122.47172 37.729855, -122.47801 37.730534)))"
"-",,"36.0","Ocean East","6","MULTIPOLYGON (((-122.45265 37.723614, -122.452995 37.72245, -122.46016 37.72382, -122.4603 37.723846, -122.46033 37.72385, -122.46457 37.725468, -122.464645 37.72552, -122.46409 37.72658, -122.45617 37.724525, -122.45265 37.723614)))"
"-",,"29.0","Outer Mission","18","MULTIPOLYGON (((-122.42054 37.7427, -122.42133 37.741375, -122.421364 37.74132, -122.42264 37.739197, -122.42366 37.734753, -122.42552 37.73495, -122.42486 37.740475, -122.42503 37.741493, -122.42733 37.741375, -122.42738 37.74199, -122.42739 37.7421, -122.427444 37.742798, -122.42745 37.742893, -122.42751 37.74359, -122.42752 37.743702, -122.42754 37.744, -122.42324 37.744366, -122.42128 37.74864, -122.42079 37.752, -122.41789 37.752174, -122.41784 37.75218, -122.41784 37.75218, -122.41618 37.75228, -122.41615 37.75228, -122.41611 37.752285, -122.4162 37.75322, -122.4153 37.753265, -122.41519 37.75327, -122.41312 37.753376, -122.41302 37.75338, -122.41206 37.75343, -122.41189 37.753437, -122.41109 37.75348, -122.41099 37.753483, -122.410194 37.753525, -122.41009 37.75353, -122.409294 37.75357, -122.40911 37.75358, -122.40832 37.75362, -122.40821 37.753624, -122.40666 37.753704, -122.4072 37.758797, -122.406395 37.758827, -122.40598 37.75884, -122.40364 37.756775, -122.40309 37.752415, -122.40351 37.752045, -122.408035 37.75178, -122.40814 37.751774, -122.408936 37.751728, -122.40912 37.751717, -122.40991 37.75167, -122.41002 37.751667, -122.41081 37.75162, -122.41091 37.751614, -122.411705 37.751568, -122.41189 37.751556, -122.412834 37.751503, -122.41294 37.751495, -122.41389 37.751442, -122.41407 37.75143, -122.415016 37.751377, -122.415115 37.75137, -122.41514 37.75137, -122.415115 37.747707, -122.418655 37.745846, -122.420494 37.742775, -122.42054 37.7427)))"
"-",,"22.0","Outer Richmond","19","MULTIPOLYGON (((-122.49839 37.77482, -122.49995 37.774788, -122.50011 37.776787, -122.49854 37.77683, -122.4984 37.776833, -122.49747 37.77686, -122.49733 37.776867, -122.49639 37.776894, -122.496254 37.776897, -122.492615 37.777, -122.49245 37.774944, -122.497185 37.774845, -122.49732 37.77484, -122.49825 37.774822, -122.49839 37.77482)))"
"-",,"49.0","Point Lobos","51","MULTIPOLYGON (((-122.48853 37.7839, -122.48818 37.779556, -122.50096 37.778946, -122.503456 37.779457, -122.51108 37.779003, -122.510925 37.77644, -122.51038 37.77146, -122.510376 37.771408, -122.51099 37.771435, -122.510994 37.771435, -122.5138 37.771397, -122.51555 37.779545, -122.5139 37.786068, -122.50581 37.789433, -122.494415 37.789803, -122.486336 37.79099, -122.4815 37.787228, -122.48131 37.78424, -122.48853 37.7839)))"
"-",,"15.0","Polk","11","MULTIPOLYGON (((-122.420815 37.80006, -122.41894 37.790916, -122.41572 37.79134, -122.41537 37.789574, -122.415146 37.78847, -122.415146 37.78847, -122.41674 37.78827, -122.41674 37.788265, -122.41639 37.786476, -122.41639 37.786476, -122.41639 37.786346, -122.41639 37.786343, -122.416306 37.786175, -122.41575 37.78346, -122.41609 37.78364, -122.417366 37.783497, -122.41752 37.78327, -122.41772 37.7834, -122.41911 37.783237, -122.41928 37.78322, -122.42065 37.783054, -122.420685 37.78303, -122.42073 37.783005, -122.420845 37.78293, -122.420975 37.782967, -122.421 37.782974, -122.42109 37.783, -122.42404 37.78259, -122.42421 37.782566, -122.424255 37.782562, -122.4258 37.790203, -122.423355 37.79052, -122.42385 37.79287, -122.423874 37.79298, -122.424034 37.793755, -122.42406 37.79386, -122.42422 37.794636, -122.42424 37.794743, -122.424614 37.796494, -122.42464 37.796616, -122.4248 37.797367, -122.42393 37.79748, -122.42366 37.797516, -122.42366 37.797543, -122.42403 37.79966, -122.420815 37.80006)))"
"-",,"11.0","Port of SF","37","MULTIPOLYGON (((-122.40379 37.809998, -122.396454 37.80497, -122.39229 37.79765, -122.38329 37.790993, -122.38019 37.780563, -122.37887 37.77746, -122.37757 37.772648, -122.37734 37.766453, -122.38664 37.763603, -122.387886 37.76353, -122.38798 37.764473, -122.38808 37.765514, -122.38808 37.765526, -122.38821 37.76681, -122.38858 37.770664, -122.38858 37.770668, -122.38859 37.770775, -122.38862 37.771107, -122.388626 37.771202, -122.388626 37.771206, -122.3887 37.771973, -122.38871 37.772068, -122.38871 37.77207, -122.38871 37.77207, -122.38871 37.77207, -122.38881 37.772133, -122.389854 37.772808, -122.389854 37.772808, -122.389854 37.772827, -122.389854 37.77283, -122.38987 37.772987, -122.38987 37.772987, -122.39019 37.77638, -122.390045 37.776463, -122.390045 37.776466, -122.39046 37.777058, -122.39119 37.777634, -122.39157 37.777935, -122.39163 37.77798, -122.391624 37.77798, -122.39149 37.778095, -122.389626 37.77962, -122.389626 37.779625, -122.38983 37.779873, -122.38986 37.779907, -122.38986 37.77991, -122.38972 37.78002, -122.38968 37.780056, -122.389046 37.78056, -122.38905 37.780567, -122.3896 37.78122, -122.389725 37.781364, -122.389755 37.781403, -122.389755 37.781403, -122.38853 37.782413, -122.388535 37.782417, -122.39005 37.783627, -122.390045 37.783627, -122.38829 37.785023, -122.38829 37.785027, -122.38985 37.78623, -122.38985 37.786232, -122.38812 37.787632, -122.38813 37.787636, -122.38914 37.78844, -122.38914 37.788445, -122.3891 37.788475, -122.38897 37.788578, -122.38896 37.788586, -122.38892 37.78856, -122.388435 37.78894, -122.38844 37.788944, -122.38871 37.789497, -122.39012 37.79062, -122.390274 37.79074, -122.390396 37.790836, -122.390396 37.790836, -122.39167 37.79185, -122.39181 37.791965, -122.39185 37.791996, -122.39185 37.792, -122.39181 37.79203, -122.39169 37.792118, -122.39128 37.79243, -122.39129 37.792435, -122.39275 37.79374, -122.39301 37.79397, -122.3935 37.79425, -122.39385 37.794456, -122.39432 37.79479, -122.394615 37.795105, -122.39467 37.795193, -122.39493 37.795586, -122.39517 37.795967, -122.39532 37.79619, -122.39559 37.796417, -122.39565 37.79647, -122.39577 37.796535, -122.39594 37.796646, -122.39603 37.7967, -122.39679 37.796574, -122.3968 37.79658, -122.39696 37.797405, -122.3967 37.79778, -122.3967 37.797783, -122.39767 37.79887, -122.39879 37.79876, -122.39882 37.79891, -122.39883 37.798946, -122.399 37.79972, -122.39946 37.799656, -122.39932 37.798935, -122.39932 37.798935, -122.39977 37.798878, -122.39993 37.799606, -122.40015 37.799583, -122.40035 37.80053, -122.40038 37.80065, -122.40056 37.801456, -122.400566 37.801502, -122.40074 37.802265, -122.40155 37.803196, -122.40188 37.803154, -122.40204 37.80313, -122.40209 37.803123, -122.4021 37.80317, -122.40213 37.803288, -122.40229 37.804016, -122.40324 37.80391, -122.403404 37.80389, -122.40346 37.803883, -122.40346 37.803886, -122.40346 37.803886, -122.40365 37.804855, -122.40528 37.80467, -122.40546 37.805573, -122.407036 37.805374, -122.4072 37.806156, -122.40743 37.80722, -122.40897 37.80705, -122.40898 37.807083, -122.40901 37.807217, -122.40901 37.807217, -122.409195 37.807983, -122.409874 37.808113, -122.412476 37.807774, -122.41263 37.808514, -122.41408 37.80833, -122.414215 37.80831, -122.41572 37.808125, -122.415855 37.808105, -122.41736 37.80792, -122.417496 37.8079, -122.419014 37.80771, -122.41914 37.807693, -122.41914 37.807693, -122.420654 37.807503, -122.42071 37.807495, -122.420784 37.807487, -122.42085 37.807533, -122.42086 37.807537, -122.42099 37.807526, -122.42099 37.807526, -122.42143 37.807476, -122.42145 37.807568, -122.42153 37.80805, -122.42196 37.808414, -122.42311 37.81037, -122.420364 37.811638, -122.4182 37.811764, -122.41127 37.811832, -122.40494 37.810745, -122.40379 37.809998)))"
"-",,"43.0","Potrero Hill","29","MULTIPOLYGON (((-122.3925 37.763798, -122.39151 37.752472, -122.40241 37.751762, -122.40309 37.752415, -122.40364 37.756775, -122.40598 37.75884, -122.406395 37.758827, -122.40662 37.76047, -122.40648 37.761333, -122.40572 37.762253, -122.40553 37.76323, -122.40548 37.764534, -122.40548 37.764538, -122.39322 37.765198, -122.3925 37.763798)))"
"-",,"50.0","Presidio","28","MULTIPOLYGON (((-122.486336 37.79099, -122.478134 37.81149, -122.47628 37.81165, -122.45012 37.807484, -122.44933 37.804726, -122.449936 37.802547, -122.44806 37.800804, -122.44744 37.798023, -122.446365 37.79156, -122.44932 37.79134, -122.4683 37.78761, -122.46847 37.787178, -122.4815 37.787228, -122.486336 37.79099)))"
"-",,"46.0","Russian Hill","16","MULTIPOLYGON (((-122.424126 37.806408, -122.42389 37.80517, -122.41864 37.80583, -122.41143 37.800816, -122.410774 37.797443, -122.41072 37.79718, -122.409775 37.79232, -122.41094 37.792168, -122.410774 37.791603, -122.40932 37.791798, -122.408966 37.79036, -122.41537 37.789574, -122.41537 37.789574, -122.41572 37.79134, -122.41894 37.790916, -122.420815 37.80006, -122.42403 37.79966, -122.42478 37.799564, -122.4257 37.80433, -122.42607 37.806255, -122.424126 37.806408)))"
"-",,"37.0","SFSU","9","MULTIPOLYGON (((-122.486 37.723965, -122.48485 37.727276, -122.48701 37.729477, -122.48679 37.730507, -122.47801 37.730534, -122.47172 37.729855, -122.47154 37.727116, -122.47142 37.712044, -122.48583 37.713917, -122.4855 37.72131, -122.486 37.723965)))"
"-",,"33.0","San Bruno","43","MULTIPOLYGON (((-122.40707 37.732155, -122.40362 37.73317, -122.400986 37.726425, -122.404236 37.72557, -122.40707 37.732155)), ((-122.40715 37.732132, -122.40708 37.732193, -122.40707 37.732155, -122.40715 37.732132)))"
"-",,"42.0","Showplace Square","21","MULTIPOLYGON (((-122.40165 37.77167, -122.40016 37.770477, -122.399826 37.77081, -122.39368 37.76584, -122.39322 37.765198, -122.40548 37.764534, -122.40728 37.76444, -122.4077 37.769234, -122.40951 37.770424, -122.4047 37.774113, -122.401665 37.771683, -122.40165 37.77167)))"
"Pilot",,"2.0","South Embarcadero","33","MULTIPOLYGON (((-122.38844 37.788944, -122.38892 37.788563, -122.38896 37.78859, -122.38898 37.788578, -122.3891 37.788475, -122.38914 37.788445, -122.38914 37.788445, -122.38813 37.78764, -122.38813 37.787636, -122.389854 37.786236, -122.38985 37.786232, -122.38829 37.785027, -122.38829 37.785027, -122.39005 37.78363, -122.390045 37.783627, -122.38853 37.782417, -122.388535 37.782417, -122.389755 37.781403, -122.389755 37.781403, -122.389725 37.781364, -122.3896 37.78122, -122.389046 37.780567, -122.38905 37.780567, -122.38968 37.78006, -122.38983 37.779938, -122.38986 37.779915, -122.38986 37.77991, -122.38983 37.779873, -122.389626 37.779625, -122.389626 37.779625, -122.391495 37.778095, -122.39163 37.777985, -122.391624 37.77798, -122.39157 37.777935, -122.39119 37.777634, -122.39046 37.77706, -122.390045 37.776466, -122.390045 37.776466, -122.39019 37.77638, -122.38987 37.772987, -122.38987 37.772987, -122.389854 37.77283, -122.389854 37.772827, -122.389854 37.772808, -122.389854 37.772808, -122.38881 37.772133, -122.38872 37.772076, -122.38871 37.77207, -122.3887 37.771973, -122.388626 37.771206, -122.388626 37.771202, -122.38862 37.771107, -122.38859 37.770775, -122.38858 37.770668, -122.38858 37.770664, -122.38821 37.76681, -122.38808 37.765526, -122.38808 37.765514, -122.38798 37.764473, -122.38794 37.764095, -122.3925 37.763798, -122.39322 37.765198, -122.39368 37.76584, -122.399826 37.77081, -122.39985 37.77145, -122.39863 37.772854, -122.39658 37.774544, -122.396576 37.774544, -122.39728 37.775116, -122.39728 37.775116, -122.39748 37.775276, -122.39808 37.775764, -122.39808 37.775764, -122.39819 37.77586, -122.398834 37.776382, -122.39899 37.776505, -122.40343 37.780113, -122.40352 37.780186, -122.4035 37.7802, -122.40329 37.780624, -122.4014 37.782085, -122.40124 37.782207, -122.39914 37.78383, -122.39899 37.78395, -122.398026 37.78469, -122.398026 37.78469, -122.397995 37.784676, -122.397995 37.784676, -122.39783 37.78481, -122.39789 37.784866, -122.39694 37.785625, -122.39689 37.785667, -122.39681 37.78573, -122.39481 37.78733, -122.39481 37.787327, -122.39463 37.78732, -122.39446 37.78746, -122.394455 37.78751, -122.39379 37.788025, -122.39364 37.78815, -122.39297 37.78867, -122.392784 37.78874, -122.39271 37.78889, -122.39203 37.789417, -122.3919 37.789516, -122.39117 37.790085, -122.39107 37.790115, -122.391045 37.790157, -122.390396 37.790836, -122.390396 37.79084, -122.390274 37.79074, -122.39012 37.79062, -122.38871 37.789497, -122.38844 37.788944, -122.38844 37.788944)))"
"-",,"26.0","Taraval","15","MULTIPOLYGON (((-122.481064 37.74209, -122.48663 37.741947, -122.48679 37.743317, -122.47903 37.74364, -122.47889 37.74365, -122.47796 37.743687, -122.47782 37.743694, -122.4769 37.743732, -122.47674 37.743736, -122.47475 37.74382, -122.4746 37.743828, -122.46976 37.74403, -122.46963 37.74238, -122.474495 37.742252, -122.47463 37.74225, -122.47662 37.7422, -122.47678 37.742195, -122.47771 37.742172, -122.477844 37.74217, -122.47878 37.742146, -122.47892 37.74214, -122.48093 37.742092, -122.481064 37.74209)))"
"-",,"45.0","Telegraph Hill","23","MULTIPOLYGON (((-122.4072 37.806156, -122.407036 37.805374, -122.40546 37.805573, -122.40528 37.80467, -122.40365 37.804855, -122.40346 37.803886, -122.40346 37.803886, -122.40346 37.803883, -122.402855 37.800323, -122.402855 37.800323, -122.40284 37.80022, -122.40284 37.80022, -122.40259 37.798733, -122.406784 37.79816, -122.40757 37.801846, -122.41082 37.801468, -122.41102 37.80241, -122.412445 37.802242, -122.4147 37.80367, -122.41501 37.805237, -122.41365 37.805305, -122.41362 37.80531, -122.41348 37.805332, -122.41163 37.80563, -122.4072 37.806156)))"
"-",,"13.0","Tenderloin","25","MULTIPOLYGON (((-122.41176 37.781147, -122.41475 37.778717, -122.41516 37.78068, -122.41519 37.7808, -122.41536 37.781605, -122.41538 37.78174, -122.415565 37.78261, -122.41558 37.78267, -122.41575 37.78346, -122.4163 37.78617, -122.41639 37.78634, -122.41639 37.786343, -122.41639 37.786472, -122.41639 37.786476, -122.41639 37.786476, -122.41674 37.788265, -122.415146 37.788464, -122.415146 37.78847, -122.41537 37.789574, -122.41537 37.789574, -122.408966 37.79035, -122.408966 37.79035, -122.408936 37.790207, -122.40891 37.790073, -122.40875 37.78927, -122.40873 37.789146, -122.40857 37.788334, -122.40855 37.788223, -122.40838 37.78739, -122.40836 37.787285, -122.408195 37.786457, -122.40818 37.78635, -122.40801 37.785534, -122.40799 37.785416, -122.4078 37.784424, -122.40827 37.783978, -122.40828 37.783978, -122.40828 37.783978, -122.41176 37.781147)))"
"-",,"27.0","Twin Peaks","12","MULTIPOLYGON (((-122.45532 37.743946, -122.45169 37.74637, -122.450516 37.74528, -122.45425 37.74314, -122.45532 37.743946)))"
"-",,"52.0","USF","46","MULTIPOLYGON (((-122.439064 37.775734, -122.43888 37.774906, -122.43886 37.774803, -122.43868 37.774048, -122.44085 37.773758, -122.453964 37.772186, -122.45454 37.77483, -122.45864 37.774376, -122.459 37.779037, -122.45895 37.77904, -122.45849 37.77906, -122.45651 37.779396, -122.45612 37.779617, -122.45513 37.779953, -122.4469 37.78102, -122.443886 37.781662, -122.44186 37.78185, -122.44043 37.782024, -122.439545 37.777874, -122.4393 37.776783, -122.43927 37.77665, -122.43909 37.77584, -122.439064 37.775734)))"
"Control",,"8.0","Union","38","MULTIPOLYGON (((-122.42403 37.79966, -122.42366 37.797543, -122.42366 37.797516, -122.42393 37.79748, -122.4248 37.797367, -122.437164 37.79576, -122.43745 37.797676, -122.435844 37.79787, -122.43567 37.79802, -122.435455 37.79792, -122.43408 37.798088, -122.43394 37.798107, -122.43383 37.79812, -122.432434 37.79829, -122.4323 37.79831, -122.43214 37.79833, -122.43218 37.798615, -122.42478 37.799564, -122.42403 37.79966)))"
"-",,"16.0","Upper Market","13","MULTIPOLYGON (((-122.4224 37.773193, -122.422386 37.773075, -122.422325 37.773083, -122.42216 37.7731, -122.42195 37.773132, -122.421776 37.773155, -122.421875 37.77308, -122.42201 37.772976, -122.42207 37.77293, -122.42243 37.772526, -122.42203 37.768204, -122.42203 37.768204, -122.42202 37.768097, -122.42188 37.766636, -122.42212 37.766624, -122.42216 37.76662, -122.42441 37.766483, -122.42792 37.76629, -122.433426 37.762543, -122.43313 37.758854, -122.43741 37.758614, -122.43772 37.761677, -122.42551 37.771023, -122.425896 37.77359, -122.42254 37.773987, -122.4224 37.773193)))"
"-",,"38.0","Visitation Valley","27","MULTIPOLYGON (((-122.40745 37.71348, -122.40276 37.711773, -122.40371 37.710117, -122.408356 37.711315, -122.407524 37.713535, -122.40745 37.71348)))"
"Control",,"10.0","West Portal","39","MULTIPOLYGON (((-122.46543 37.74148, -122.46585 37.74101, -122.465195 37.740726, -122.46516 37.740704, -122.46516 37.740704, -122.464874 37.740543, -122.4651 37.739616, -122.46625 37.738857, -122.4707 37.7349, -122.47261 37.7349, -122.47127 37.736923, -122.46967 37.738667, -122.46823 37.741608, -122.466934 37.74155, -122.466354 37.741276, -122.465965 37.74175, -122.46571 37.741627, -122.46561 37.741573, -122.46543 37.74148)))"
"-",,"14.0","Western SoMa","53","MULTIPOLYGON (((-122.396576 37.774544, -122.39863 37.77285, -122.39985 37.77145, -122.399826 37.77081, -122.40016 37.770477, -122.40165 37.77167, -122.401665 37.771683, -122.4047 37.774113, -122.40951 37.770424, -122.4077 37.769234, -122.40728 37.76444, -122.41201 37.764038, -122.413765 37.763706, -122.417175 37.763412, -122.41751 37.7669, -122.41751 37.7669, -122.42188 37.766636, -122.42188 37.766636, -122.42202 37.768097, -122.42203 37.768204, -122.42203 37.768204, -122.422424 37.772522, -122.42207 37.77293, -122.42201 37.772976, -122.421875 37.77308, -122.421776 37.77315, -122.4147 37.77875, -122.41176 37.781147, -122.40828 37.783978, -122.40828 37.783978, -122.40667 37.782677, -122.40654 37.782574, -122.40522 37.781513, -122.405075 37.781506, -122.40492 37.78138, -122.40492 37.78138, -122.404915 37.781265, -122.404915 37.781265, -122.40359 37.780235, -122.40351 37.78018, -122.40343 37.780113, -122.39899 37.776505, -122.39884 37.77638, -122.3982 37.77586, -122.39808 37.77576, -122.39808 37.77576, -122.39748 37.775276, -122.39728 37.775112, -122.39728 37.775112, -122.39658 37.774544, -122.396576 37.774544)))"
